participant,trial,H_e,valence,arousal,n_windows,n_flagged,flagged_fraction,any_flagged
s01,0,2.753189624213888,1.29,1.4000000000000004,29,0,0.0,0
s01,3,2.752240747593366,4.94,6.01,29,0,0.0,0
s01,4,2.6056744114416963,6.96,3.92,29,0,0.0,0
s01,5,2.7243602017161552,8.27,3.92,29,0,0.0,0
s01,6,2.7769924322993402,7.44,3.73,29,0,0.0,0
s01,7,2.880788562842062,7.32,2.55,29,0,0.0,0
s01,8,2.989357107179173,4.04,3.29,29,0,0.0,0
s01,9,2.7720865838960633,1.99,4.86,29,0,0.0,0
s01,10,2.789577272609727,2.99,2.36,29,0,0.0,0
s01,11,2.820570238118937,2.71,2.77,29,0,0.0,0
s01,12,2.8673733791541687,1.95,3.12,29,0,0.0,0
s01,13,2.932792498509685,4.18,2.24,29,0,0.0,0
s01,14,2.7735104850489902,3.17,8.08,29,0,0.0,0
s01,15,2.710137742532184,2.1900000000000004,1.5599999999999996,29,0,0.0,0
s01,16,2.6739632971378056,2.46,6.91,29,0,0.0,0
s01,17,2.708748944326369,1.7699999999999996,1.8499999999999996,29,0,0.0,0
s01,18,2.8322127833300987,1.83,1.0,29,0,0.0,0
s01,21,2.8096624064736395,7.09,2.08,29,0,0.0,0
s01,22,2.7648131518708494,8.15,3.01,29,0,0.0,0
s01,23,2.7193283487446993,1.96,1.9100000000000001,29,0,0.0,0
s01,25,2.8884758328200872,1.7199999999999998,1.7300000000000004,29,0,0.0,0
s01,26,2.9322165414517345,1.6500000000000004,2.05,29,0,0.0,0
s01,27,2.7905698774852645,3.88,3.35,29,0,0.0,0
s01,28,2.694046708588165,1.36,2.27,29,0,0.0,0
s01,29,2.8325705101379386,2.08,2.99,29,0,0.0,0
s01,30,2.6704744174162345,3.03,8.14,29,0,0.0,0
s01,31,2.807454940321121,2.28,8.0,29,0,0.0,0
s01,32,2.8407774352373414,3.81,3.85,29,0,0.0,0
s01,33,2.789152477491778,2.28,7.09,29,0,0.0,0
s01,34,2.6808932370200695,2.06,8.15,29,0,0.0,0
s01,35,2.842552286597593,2.9,6.92,29,0,0.0,0
s01,36,2.855690180613547,2.31,6.88,29,0,0.0,0
s01,37,2.7488649741725917,3.33,7.18,29,0,0.0,0
s01,38,2.6844796009213496,3.24,6.18,29,0,0.0,0
s01,39,2.6483424308383263,3.9000000000000004,1.88,29,0,0.0,0
s02,3,3.6205518039694575,6.05,1.0,29,0,0.0,0
s02,4,3.6594263807794696,5.04,3.0,29,0,0.0,0
s02,5,3.9544996635748166,5.0,4.94,29,0,0.0,0
s02,6,3.5935402547118547,4.96,1.99,29,0,0.0,0
s02,9,3.5949219951629265,4.99,1.0,29,0,0.0,0
s02,10,3.773053574705089,7.08,1.0,29,0,0.0,0
s02,12,3.800766735461731,9.0,4.99,29,0,0.0,0
s02,15,3.800733069587917,3.0,3.95,29,0,0.0,0
s02,16,4.14083728459635,9.0,3.0,29,0,0.0,0
s02,20,3.5079668591739632,1.0,1.0,29,0,0.0,0
s02,21,3.998716878857125,5.0,1.0,29,0,0.0,0
s02,22,3.3186793522908147,1.0,2.97,29,0,0.0,0
s02,26,4.127143245632246,4.96,5.01,29,0,0.0,0
s02,27,3.776125315906182,4.06,4.97,29,0,0.0,0
s02,28,3.738258025108887,2.99,7.04,29,0,0.0,0
s02,29,3.928075252444165,2.01,7.05,29,0,0.0,0
s02,30,4.025659307320331,4.06,7.05,29,0,0.0,0
s02,31,3.9929928409145803,1.0,9.0,29,0,0.0,0
s02,32,4.1750058530151115,5.0,8.03,29,0,0.0,0
s02,33,3.4916116267832233,4.87,1.0,29,0,0.0,0
s02,34,4.084191903953776,1.99,2.0,29,0,0.0,0
s02,35,3.365907156329223,5.04,1.0,29,0,0.0,0
s02,36,3.982172723660683,1.0,8.06,29,0,0.0,0
s02,37,4.136841193147569,1.0,9.0,29,0,0.0,0
s02,38,3.7592179828214523,1.0,1.0,29,0,0.0,0
s02,39,3.410271760304006,2.95,2.33,29,0,0.0,0
s03,0,4.141054620710793,5.33,4.67,29,0,0.0,0
s03,1,4.260650264371261,7.21,4.44,29,0,0.0,0
s03,2,4.14749847291901,7.55,2.81,29,0,0.0,0
s03,3,3.964075670962555,4.69,3.69,29,0,0.0,0
s03,4,4.177163627168801,6.92,4.44,29,0,0.0,0
s03,5,4.40369131052751,6.79,1.97,29,0,0.0,0
s03,6,4.148440001440925,5.45,3.01,29,0,0.0,0
s03,7,4.218417566852368,7.14,4.33,29,0,0.0,0
s03,8,4.258074136090688,7.33,3.23,29,0,0.0,0
s03,9,4.0813595484837855,4.45,5.49,29,0,0.0,0
s03,10,3.954569892100639,7.94,3.12,29,0,0.0,0
s03,11,4.020891198076336,6.36,3.15,29,0,0.0,0
s03,12,4.1611282322326195,7.91,2.97,29,0,0.0,0
s03,13,4.165803061299021,7.29,3.86,29,0,0.0,0
s03,14,4.164389464798683,7.36,2.92,29,0,0.0,0
s03,15,4.142409036646931,7.15,4.37,29,0,0.0,0
s03,16,4.1810497540410205,4.56,1.78,29,0,0.0,0
s03,17,4.322639023707279,7.1,2.13,29,0,0.0,0
s03,18,4.3759546475035584,8.14,3.17,29,0,0.0,0
s03,19,4.010879717895995,6.26,3.13,29,0,0.0,0
s03,20,4.3437386606917245,4.99,6.44,29,0,0.0,0
s03,21,4.211504400180154,4.94,1.0,29,0,0.0,0
s03,22,4.167788418544844,3.65,2.5,29,0,0.0,0
s03,23,4.2930935891133135,3.31,2.27,29,0,0.0,0
s03,24,4.193411720309443,3.45,1.41,29,0,0.0,0
s03,25,4.101113856384355,4.67,1.18,29,0,0.0,0
s03,26,4.371900294724711,6.72,3.29,29,0,0.0,0
s03,27,3.7448699757733626,5.59,2.51,29,0,0.0,0
s03,28,4.312445948783094,4.47,3.85,29,0,0.0,0
s03,29,3.966905620790699,3.87,3.09,29,0,0.0,0
s03,30,4.066778944815224,4.44,4.06,29,0,0.0,0
s03,31,4.182553549674241,5.17,4.49,29,0,0.0,0
s03,32,3.9018765230248675,4.05,3.83,29,0,0.0,0
s03,33,4.0264037111270765,4.72,8.12,29,0,0.0,0
s03,34,3.812988936569981,3.18,5.04,29,0,0.0,0
s03,35,4.001108972101422,3.99,3.5,29,0,0.0,0
s03,36,3.894085267012832,4.92,6.05,29,0,0.0,0
s03,37,4.042058195228233,4.53,5.68,29,0,0.0,0
s03,38,4.026927881951129,4.33,6.21,29,0,0.0,0
s03,39,3.9709240596974826,5.38,4.33,29,0,0.0,0
s04,0,5.714685611448494,2.3200000000000003,3.9699999999999998,29,0,0.0,0
s04,1,5.598186356413636,4.06,3.31,29,0,0.0,0
s04,3,6.0345776718903155,6.1,3.92,29,7,0.2413793103448276,1
s04,4,5.708179462310112,4.06,5.04,29,7,0.2413793103448276,1
s04,5,5.613865225656266,5.01,2.95,29,0,0.0,0
s04,6,5.843360328182664,2.94,1.99,29,0,0.0,0
s04,7,5.427334401755628,3.0300000000000002,3.95,29,0,0.0,0
s04,8,5.624544495932203,6.05,3.96,29,0,0.0,0
s04,9,5.718545590688409,3.15,3.99,29,1,0.034482758620689655,1
s04,10,5.653237505913872,1.7599999999999998,1.92,29,3,0.10344827586206896,1
s04,11,5.823469256550495,3.96,3.96,29,5,0.1724137931034483,1
s04,12,5.7335281123882,4.12,4.88,29,5,0.1724137931034483,1
s04,13,5.903277190153609,2.04,2.0300000000000002,29,1,0.034482758620689655,1
s04,14,5.874471432721929,2.04,1.9500000000000002,29,5,0.1724137931034483,1
s04,15,5.826127516351004,2.51,2.95,29,0,0.0,0
s04,16,5.84931775334514,1.9900000000000002,3.05,29,4,0.13793103448275862,1
s04,17,5.354455513711042,4.9,2.85,29,0,0.0,0
s04,18,5.226793053491544,1.9100000000000001,2.7800000000000002,29,5,0.1724137931034483,1
s04,20,5.4565848096823215,1.77,2.06,29,3,0.10344827586206896,1
s04,21,5.910613734306719,1.86,2.78,29,1,0.034482758620689655,1
s04,22,5.498971793398816,1.86,2.04,29,0,0.0,0
s04,23,5.61442319859817,2.71,5.13,29,0,0.0,0
s04,24,5.695990682100947,2.0,2.96,29,0,0.0,0
s04,25,5.713616712443184,6.0,4.09,29,5,0.1724137931034483,1
s04,26,5.545150532389341,2.8600000000000003,2.87,29,2,0.06896551724137931,1
s04,27,5.081870721434002,2.17,6.96,29,1,0.034482758620689655,1
s04,28,5.412950052848915,1.85,4.88,29,0,0.0,0
s04,29,5.680220912191756,3.1,3.08,29,2,0.06896551724137931,1
s04,30,5.67557309896036,2.01,2.23,29,0,0.0,0
s04,31,5.778033398541582,1.01,6.15,29,8,0.27586206896551724,1
s04,32,5.974164593539014,1.0,1.97,29,0,0.0,0
s04,33,5.819210222320831,2.17,2.18,29,5,0.1724137931034483,1
s04,34,5.809661473634616,2.03,2.88,29,0,0.0,0
s04,35,5.652159446592633,2.72,2.76,29,2,0.06896551724137931,1
s04,36,5.715753247995341,1.0,1.0,29,3,0.10344827586206896,1
s04,37,5.845562592740765,1.79,1.85,29,0,0.0,0
s04,38,5.532516176902838,1.92,2.96,29,0,0.0,0
s05,0,4.076530273422956,6.97,4.9,29,0,0.0,0
s05,2,4.46242748213517,4.95,4.88,29,0,0.0,0
s05,4,3.996078309046901,3.04,4.01,29,0,0.0,0
s05,6,4.215133830666266,3.88,2.0300000000000002,29,0,0.0,0
s05,8,4.246491602650538,6.94,4.95,29,0,0.0,0
s05,9,4.366310757636377,3.03,4.0,29,0,0.0,0
s05,11,4.148106450940396,7.08,4.03,29,0,0.0,0
s05,12,4.294604145654075,4.94,2.88,29,0,0.0,0
s05,13,4.245413865910997,7.21,4.01,29,0,0.0,0
s05,14,4.46348417101979,2.0300000000000002,2.95,29,0,0.0,0
s05,15,4.590834212157871,3.04,3.96,29,0,0.0,0
s05,16,4.480985027285781,6.88,2.96,29,0,0.0,0
s05,17,4.170697348141313,8.05,3.97,29,0,0.0,0
s05,18,4.07348737030567,8.03,4.97,29,0,0.0,0
s05,19,4.158471718514118,7.0,1.99,29,0,0.0,0
s05,20,4.043342375584588,4.0,2.87,29,0,0.0,0
s05,21,4.394224990560984,2.01,1.0499999999999998,29,0,0.0,0
s05,22,4.177890571322609,1.0,7.05,29,0,0.0,0
s05,23,4.153292556280161,4.0,5.04,29,0,0.0,0
s05,24,4.015067959924773,5.96,4.87,29,0,0.0,0
s05,25,3.9352674129267826,7.96,3.0,29,0,0.0,0
s05,26,4.193570921254674,7.0,1.99,29,0,0.0,0
s05,27,3.9699013530913665,3.9,4.08,29,0,0.0,0
s05,28,4.274051471710021,4.04,3.01,29,0,0.0,0
s05,29,3.8693982187033957,2.94,8.1,29,0,0.0,0
s05,30,4.161033643574178,2.0999999999999996,2.96,29,0,0.0,0
s05,31,4.036064529634158,1.94,4.12,29,0,0.0,0
s05,33,4.049096145043405,2.9699999999999998,2.0300000000000002,29,0,0.0,0
s05,34,4.083808172972808,4.86,8.1,29,0,0.0,0
s05,35,4.031230624080334,4.91,9.0,29,0,0.0,0
s05,36,3.912457172966336,1.91,7.01,29,0,0.0,0
s05,37,4.1667383009197705,1.0,3.91,29,0,0.0,0
s05,38,4.032273433334214,1.0,4.86,29,0,0.0,0
s05,39,3.9819365424328472,2.0,2.04,29,0,0.0,0
s06,0,3.6027279223503683,8.19,4.13,29,0,0.0,0
s06,1,3.5299165272896142,2.17,2.38,29,0,0.0,0
s06,2,3.694402087898009,1.3099999999999996,3.01,29,0,0.0,0
s06,3,3.564579817702758,1.4500000000000002,2.21,29,0,0.0,0
s06,4,3.780988058630268,1.9900000000000002,1.62,29,0,0.0,0
s06,5,3.4506918518758853,8.05,4.5,29,0,0.0,0
s06,7,3.5802192106180932,7.05,2.69,29,0,0.0,0
s06,8,3.7430048194341463,1.13,3.87,29,0,0.0,0
s06,9,3.7839921962781498,1.63,3.54,29,0,0.0,0
s06,10,3.7769987746038023,4.99,2.5,29,0,0.0,0
s06,11,3.859580586160358,7.17,3.12,29,0,0.0,0
s06,12,3.764305183126694,7.79,3.95,29,0,0.0,0
s06,13,3.5784956268479333,6.32,3.49,29,0,0.0,0
s06,14,3.984653028935737,5.59,3.79,29,0,0.0,0
s06,15,3.5253010164490255,3.9400000000000004,1.5499999999999998,29,0,0.0,0
s06,16,3.8250240125669834,6.72,3.63,29,0,0.0,0
s06,17,3.6625232804790406,1.4100000000000001,3.1900000000000004,29,0,0.0,0
s06,18,3.661736277196931,1.5899999999999999,3.4000000000000004,29,0,0.0,0
s06,19,3.5934800968157266,5.01,3.05,29,0,0.0,0
s06,20,3.5066246196007707,6.28,4.59,29,0,0.0,0
s06,21,3.635894012653674,7.56,3.19,29,0,0.0,0
s06,22,3.650913287769494,3.47,3.54,29,0,0.0,0
s06,23,3.7266955700626045,3.5,4.01,29,0,0.0,0
s06,24,3.641529071303003,1.9100000000000001,2.58,29,0,0.0,0
s06,25,3.42686977079281,5.08,3.37,29,0,0.0,0
s06,26,3.633535094862489,5.08,3.47,29,0,0.0,0
s06,27,3.413016223630382,6.42,3.62,29,0,0.0,0
s06,28,3.4988133171687075,4.27,5.45,29,0,0.0,0
s06,29,3.2813769839873346,6.99,3.79,29,0,0.0,0
s06,30,3.667137108894616,3.65,3.49,29,0,0.0,0
s06,31,3.489121865237993,6.99,4.5,29,0,0.0,0
s06,32,3.278312681598762,6.68,4.37,29,0,0.0,0
s06,33,3.7493794618954297,3.31,4.45,29,0,0.0,0
s06,34,3.437244502034777,3.96,5.71,29,0,0.0,0
s06,35,3.6465158477005293,3.29,2.79,29,0,0.0,0
s06,36,3.60086798789634,4.83,5.74,29,0,0.0,0
s06,37,3.6722640862786102,4.44,5.58,29,0,0.0,0
s06,38,3.65932509744269,2.4400000000000004,2.5,29,0,0.0,0
s06,39,3.6914830500123514,4.85,4.64,29,0,0.0,0
s07,0,3.385098063844472,8.1,4.01,29,0,0.0,0
s07,1,3.361380764553644,1.8499999999999996,3.04,29,0,0.0,0
s07,2,3.340753677650202,7.1,4.12,29,0,0.0,0
s07,3,3.4544446354324587,1.92,3.9699999999999998,29,0,0.0,0
s07,4,3.363248277088725,1.9500000000000002,2.01,29,0,0.0,0
s07,5,3.5070967844408814,2.0300000000000002,2.96,29,0,0.0,0
s07,6,3.3083188139226096,1.92,1.9400000000000004,29,0,0.0,0
s07,7,3.425437755931748,2.0,3.01,29,0,0.0,0
s07,8,3.3225064229933765,6.99,4.0,29,0,0.0,0
s07,9,3.2357858748767057,1.9100000000000001,1.96,29,0,0.0,0
s07,10,3.4997588545215765,1.9699999999999998,1.9100000000000001,29,0,0.0,0
s07,11,3.3618725472883986,6.99,4.05,29,0,0.0,0
s07,12,3.294328442380493,8.0,2.96,29,0,0.0,0
s07,13,3.3540471013958784,1.9100000000000001,3.9699999999999998,29,0,0.0,0
s07,14,3.398414113114808,7.99,3.01,29,0,0.0,0
s07,15,3.4201197708747553,3.03,5.04,29,0,0.0,0
s07,16,3.5647955924947103,7.12,2.05,29,0,0.0,0
s07,17,3.499347497342985,7.03,3.06,29,0,0.0,0
s07,18,3.3308954119701184,2.01,2.96,29,0,0.0,0
s07,20,3.1962526100682527,3.12,5.99,29,0,0.0,0
s07,21,3.29326309701323,3.05,2.03,29,0,0.0,0
s07,22,3.2786897398531787,3.01,3.04,29,0,0.0,0
s07,23,3.351799756576588,1.97,7.03,29,0,0.0,0
s07,24,3.5748982370005025,2.99,3.03,29,0,0.0,0
s07,25,3.340589866207315,2.0,4.04,29,0,0.0,0
s07,26,3.3686431183061276,6.09,3.04,29,0,0.0,0
s07,27,3.281402473716719,2.05,2.0,29,0,0.0,0
s07,28,3.243855455018014,7.09,2.94,29,0,0.0,0
s07,29,3.2575644682626588,3.09,6.08,29,0,0.0,0
s07,30,3.298647205947267,2.04,1.9699999999999998,29,0,0.0,0
s07,31,3.3492255759929,4.96,7.09,29,0,0.0,0
s07,32,3.279799077073298,4.97,7.08,29,0,0.0,0
s07,33,3.4045773763366807,4.01,7.13,29,0,0.0,0
s07,36,3.4232702038165224,3.95,1.96,29,0,0.0,0
s07,37,3.3896041025303414,3.9699999999999998,1.9000000000000004,29,0,0.0,0
s07,38,3.372976443968983,1.9900000000000002,1.9900000000000002,29,0,0.0,0
s07,39,3.2275795754277015,1.9900000000000002,1.9699999999999998,29,0,0.0,0
s08,0,3.1057701456804523,1.4000000000000004,2.2199999999999998,29,0,0.0,0
s08,1,3.122515618068672,3.96,2.49,29,0,0.0,0
s08,4,3.268425251574872,4.41,7.72,29,0,0.0,0
s08,5,3.250564598074769,1.5999999999999996,1.7400000000000002,29,0,0.0,0
s08,6,3.332656117869756,3.96,3.96,29,0,0.0,0
s08,9,3.5703616896786157,4.97,3.6,29,0,0.0,0
s08,10,3.2276408700975123,8.41,5.0,29,0,0.0,0
s08,12,3.669570034098511,1.0999999999999996,3.91,29,0,0.0,0
s08,13,3.302069665231784,6.88,4.97,29,0,0.0,0
s08,15,3.197575993081234,4.21,5.06,29,0,0.0,0
s08,16,3.4459567188369986,6.67,4.77,29,0,0.0,0
s08,17,3.144314721960228,7.21,4.03,29,0,0.0,0
s08,18,3.58735273832293,3.96,2.7199999999999998,29,0,0.0,0
s08,19,3.317758612981184,6.74,4.21,29,0,0.0,0
s08,20,3.2484424697684577,4.68,6.41,29,0,0.0,0
s08,21,3.4810364643784095,4.23,5.79,29,0,0.0,0
s08,22,3.329675564059196,3.59,3.68,29,0,0.0,0
s08,23,3.4448866551316746,4.15,4.56,29,0,0.0,0
s08,24,3.4649515536200055,3.72,3.9,29,0,0.0,0
s08,25,3.6969845905326046,4.99,4.99,29,0,0.0,0
s08,26,3.5345729692469936,4.46,4.59,29,0,0.0,0
s08,27,3.2544811617015243,5.04,4.96,29,0,0.0,0
s08,28,3.3065892669810912,2.78,2.99,29,0,0.0,0
s08,29,3.2360529239416564,1.4,3.13,29,0,0.0,0
s08,30,3.128517087163217,1.45,6.6,29,0,0.0,0
s08,32,3.18177992838081,4.44,6.44,29,0,0.0,0
s08,33,3.384955900218774,3.95,2.17,29,0,0.0,0
s08,34,3.7148761190971045,3.62,6.67,29,0,0.0,0
s08,35,3.8031606370569477,1.21,7.94,29,0,0.0,0
s08,36,3.3868689802251652,5.06,3.31,29,0,0.0,0
s08,37,3.5161477558082757,4.72,4.69,29,0,0.0,0
s08,38,3.3559576906523776,5.05,3.46,29,0,0.0,0
s08,39,3.3205883465990564,3.13,5.03,29,0,0.0,0
s09,0,4.392289859715021,5.05,4.04,29,0,0.0,0
s09,1,4.421154104984835,1.92,2.8600000000000003,29,0,0.0,0
s09,2,4.650358577498744,1.92,1.8600000000000003,29,0,0.0,0
s09,3,4.721114513364101,3.01,3.0300000000000002,29,0,0.0,0
s09,4,4.599300068814592,4.99,4.96,29,0,0.0,0
s09,5,4.431579562934021,1.96,2.8099999999999996,29,0,0.0,0
s09,6,4.576464959678321,3.92,3.99,29,0,0.0,0
s09,7,4.662849903705281,6.15,5.0,29,0,0.0,0
s09,8,4.545763277246355,5.96,4.05,29,0,0.0,0
s09,9,4.518839002586611,3.94,3.96,29,0,0.0,0
s09,10,4.457605546312447,1.88,1.9000000000000004,29,0,0.0,0
s09,11,4.604234702974069,1.92,2.01,29,0,0.0,0
s09,13,4.87026786186346,2.0,2.87,29,0,0.0,0
s09,14,4.626967442222635,2.79,2.99,29,0,0.0,0
s09,15,4.569456451282901,4.05,4.0,29,0,0.0,0
s09,16,4.734760758634309,2.9699999999999998,2.96,29,0,0.0,0
s09,17,4.496235539695645,4.9,4.97,29,0,0.0,0
s09,18,4.682711903602739,3.97,4.03,29,0,0.0,0
s09,19,4.609488052528478,5.12,4.97,29,0,0.0,0
s09,20,4.713227235937038,4.04,4.01,29,0,0.0,0
s09,21,4.859252965660478,3.99,4.0,29,0,0.0,0
s09,22,4.716519284284513,5.0,4.97,29,0,0.0,0
s09,23,4.722199245983028,4.03,5.01,29,0,0.0,0
s09,24,4.650411388717221,5.04,4.04,29,0,0.0,0
s09,25,4.635265849209107,4.1,4.1,29,0,0.0,0
s09,26,4.784485377183038,3.96,3.95,29,0,0.0,0
s09,27,4.494707408851915,2.96,7.08,29,0,0.0,0
s09,28,4.743545872737945,3.99,4.15,29,0,0.0,0
s09,29,4.592243209175935,4.04,6.06,29,0,0.0,0
s09,30,4.936740163121648,2.9400000000000004,2.9400000000000004,29,0,0.0,0
s09,31,4.551987367983759,3.1,5.97,29,0,0.0,0
s09,32,4.587410094929277,3.08,4.06,29,0,0.0,0
s09,33,4.565881200855828,3.9400000000000004,2.9000000000000004,29,0,0.0,0
s09,34,4.771466886926737,3.01,6.03,29,0,0.0,0
s09,35,4.558898998289353,3.08,7.05,29,0,0.0,0
s09,36,4.632631352338129,2.99,6.09,29,0,0.0,0
s09,37,4.7565025505047505,2.92,6.09,29,0,0.0,0
s09,38,4.837816814475221,3.17,6.1,29,0,0.0,0
s09,39,4.819954379677227,3.96,3.99,29,0,0.0,0
s10,0,3.995432962399338,1.0899999999999999,2.8499999999999996,29,0,0.0,0
s10,1,4.1115532517121665,3.55,5.76,29,0,0.0,0
s10,2,3.9805369757300375,5.86,4.45,29,0,0.0,0
s10,3,4.03724658275846,1.9900000000000002,3.09,29,0,0.0,0
s10,4,3.928636442778889,1.7599999999999998,2.7699999999999996,29,0,0.0,0
s10,5,4.3267737358828615,1.9000000000000004,3.0,29,0,0.0,0
s10,7,4.083513903497385,5.68,4.05,29,0,0.0,0
s10,8,3.988382174544974,1.4400000000000004,2.79,29,0,0.0,0
s10,9,4.1546889484226615,3.0599999999999996,3.0,29,0,0.0,0
s10,11,4.266398949047388,5.37,4.37,29,0,0.0,0
s10,12,4.15993484177996,6.72,3.64,29,0,0.0,0
s10,13,4.311224522732863,8.81,4.91,29,0,0.0,0
s10,14,4.183903416753777,5.31,2.88,29,0,0.0,0
s10,15,4.001568510589429,3.85,2.83,29,0,0.0,0
s10,16,4.298441649357541,4.95,3.96,29,0,0.0,0
s10,17,3.889754932512367,7.31,3.44,29,0,0.0,0
s10,18,4.177457477997056,1.1799999999999997,3.8099999999999996,29,0,0.0,0
s10,19,4.042117194027108,5.58,3.26,29,0,0.0,0
s10,20,3.890478179429211,2.97,5.22,29,0,0.0,0
s10,21,4.2260438912978096,4.24,2.96,29,0,0.0,0
s10,22,3.999135570857055,2.87,4.24,29,0,0.0,0
s10,23,4.7297833000655745,6.82,2.03,29,0,0.0,0
s10,24,4.050406541990869,1.92,4.01,29,0,0.0,0
s10,25,4.181492259684189,4.95,1.68,29,0,0.0,0
s10,26,4.056499939672031,4.94,2.97,29,0,0.0,0
s10,27,3.83638740545225,4.31,3.87,29,0,0.0,0
s10,28,3.9570338160282548,3.94,2.97,29,0,0.0,0
s10,29,3.982469061750618,2.64,5.04,29,0,0.0,0
s10,30,3.9343909654635953,4.15,5.49,29,0,0.0,0
s10,31,4.08936439055552,3.04,1.5300000000000002,29,0,0.0,0
s10,32,3.9516115705456,4.94,5.73,29,0,0.0,0
s10,33,4.058987616976021,3.91,5.95,29,0,0.0,0
s10,34,3.987860702312564,1.38,5.97,29,0,0.0,0
s10,35,4.033587901722663,2.17,6.18,29,0,0.0,0
s10,36,4.024768552205239,2.92,6.26,29,0,0.0,0
s10,37,4.0272243911836085,1.91,5.46,29,0,0.0,0
s10,38,3.942209411394611,2.17,6.21,29,0,0.0,0
s10,39,4.0658522775392365,3.2199999999999998,2.8499999999999996,29,0,0.0,0
s11,0,4.698571376256309,6.27,4.03,29,0,0.0,0
s11,1,4.8488691957731,5.67,3.86,29,0,0.0,0
s11,2,5.048245355574917,1.5899999999999999,3.79,29,0,0.0,0
s11,3,4.746882827528747,1.3499999999999996,2.4699999999999998,29,0,0.0,0
s11,4,4.839664336906047,1.5899999999999999,2.5999999999999996,29,0,0.0,0
s11,5,5.122055604836095,3.6799999999999997,3.62,29,0,0.0,0
s11,6,4.946564567799312,6.37,4.72,29,0,0.0,0
s11,7,4.856928491826964,2.74,2.8600000000000003,29,0,0.0,0
s11,8,4.793945251462695,1.96,2.58,29,0,0.0,0
s11,9,5.274752420326846,6.53,1.29,29,0,0.0,0
s11,10,4.968338797782078,7.32,2.74,29,0,0.0,0
s11,11,4.908997137260631,5.04,1.01,29,0,0.0,0
s11,12,5.209763189900769,8.42,1.82,29,0,0.0,0
s11,13,5.161587398079049,1.04,3.96,29,0,0.0,0
s11,14,5.201787207819751,6.92,1.06,29,0,0.0,0
s11,15,4.9117161138835135,4.35,1.23,29,0,0.0,0
s11,16,5.368887875531547,8.32,3.19,29,0,0.0,0
s11,17,5.3399132789632775,7.95,2.96,29,0,0.0,0
s11,18,4.685562553909601,5.54,2.6,29,0,0.0,0
s11,19,5.0185702534026415,6.0,1.05,29,0,0.0,0
s11,20,5.053980563162486,3.27,2.41,29,0,0.0,0
s11,21,5.265360638971095,6.15,1.17,29,0,0.0,0
s11,22,5.132361782443832,3.72,2.73,29,0,0.0,0
s11,23,4.933017620213463,2.88,1.06,29,0,0.0,0
s11,24,4.81210131888066,5.01,1.72,29,0,0.0,0
s11,25,5.033027145394913,5.49,1.01,29,0,0.0,0
s11,26,5.14352853061058,2.28,7.2,29,0,0.0,0
s11,27,4.7868977800987444,4.26,1.13,29,0,0.0,0
s11,28,5.020773283536581,2.32,2.83,29,0,0.0,0
s11,29,5.14428104675281,4.58,4.96,29,0,0.0,0
s11,30,5.044715391009743,1.83,3.78,29,0,0.0,0
s11,31,4.988683810895128,3.99,2.17,29,0,0.0,0
s11,32,4.702865716136444,3.3600000000000003,2.6399999999999997,29,0,0.0,0
s11,33,4.732397737293331,4.88,4.95,29,0,0.0,0
s11,34,4.922462982213244,1.23,8.1,29,0,0.0,0
s11,35,4.709374700062275,3.62,6.36,29,0,0.0,0
s11,36,4.9470311725913625,1.47,8.12,29,0,0.0,0
s11,37,4.967665591644965,1.35,7.45,29,0,0.0,0
s11,38,4.90708057157676,1.0,8.7,29,0,0.0,0
s11,39,4.837796721181819,4.95,2.9,29,0,0.0,0
s12,0,3.8661274786320736,1.9100000000000001,1.9000000000000004,29,0,0.0,0
s12,1,3.6813585625182013,2.91,1.8600000000000003,29,0,0.0,0
s12,2,3.9034528639485018,1.67,1.67,29,0,0.0,0
s12,4,3.966284738380095,4.01,8.21,29,0,0.0,0
s12,5,3.9228591350447304,2.3499999999999996,1.92,29,0,0.0,0
s12,6,3.968796731413054,2.2300000000000004,1.9900000000000002,29,0,0.0,0
s12,7,3.847722898340593,3.9000000000000004,2.9000000000000004,29,0,0.0,0
s12,9,3.903049292933333,4.06,6.96,29,0,0.0,0
s12,10,3.9797458162763304,1.2199999999999998,3.91,29,0,0.0,0
s12,11,4.014266761318461,2.1399999999999997,2.0999999999999996,29,0,0.0,0
s12,12,3.7262421867372715,1.0099999999999998,2.09,29,0,0.0,0
s12,14,3.640516714117262,1.92,3.05,29,0,0.0,0
s12,15,3.9525719447594763,5.04,3.05,29,0,0.0,0
s12,16,3.885036355625764,4.86,2.87,29,0,0.0,0
s12,17,3.8003630389331096,1.6500000000000004,3.87,29,0,0.0,0
s12,18,3.9080810309322556,1.9699999999999998,2.12,29,0,0.0,0
s12,19,3.830792580676518,1.6500000000000004,2.09,29,0,0.0,0
s12,20,4.03599484903176,2.13,4.88,29,0,0.0,0
s12,21,3.9817068804673093,3.33,3.17,29,0,0.0,0
s12,22,4.001184165758755,1.74,3.15,29,0,0.0,0
s12,23,3.820643503845466,2.79,4.86,29,0,0.0,0
s12,24,3.9708219497127173,2.78,5.1,29,0,0.0,0
s12,25,3.731414654784337,2.92,3.8600000000000003,29,0,0.0,0
s12,26,3.7432131100582398,3.95,3.99,29,0,0.0,0
s12,27,3.7594438720048977,5.04,3.03,29,0,0.0,0
s12,28,3.8222942254441703,1.67,5.21,29,0,0.0,0
s12,29,3.8600863357791297,3.36,7.18,29,0,0.0,0
s12,30,3.9509673041344717,3.18,7.37,29,0,0.0,0
s12,31,3.916310091330947,1.86,6.95,29,0,0.0,0
s12,32,4.012090303509956,1.9,7.97,29,0,0.0,0
s12,33,3.9455206385220736,4.87,8.24,29,0,0.0,0
s12,34,3.969549712683389,1.22,8.9,29,0,0.0,0
s12,35,3.957310826254432,2.82,7.14,29,0,0.0,0
s12,36,3.972597653261956,1.0,7.96,29,0,0.0,0
s12,37,4.054188026838803,2.85,6.86,29,0,0.0,0
s12,38,3.942063114276489,3.18,7.17,29,0,0.0,0
s13,1,3.8325510288174978,4.03,7.51,29,0,0.0,0
s13,3,4.12782120691431,1.92,1.9900000000000002,29,0,0.0,0
s13,4,3.9457224160649393,3.99,1.0300000000000002,29,0,0.0,0
s13,5,3.9356440773485817,4.46,6.97,29,0,0.0,0
s13,6,3.875312323307808,2.99,8.03,29,0,0.0,0
s13,7,3.994752890474868,1.0099999999999998,1.9699999999999998,29,0,0.0,0
s13,8,4.069579040495765,1.9400000000000004,2.01,29,0,0.0,0
s13,9,3.9101222812249636,4.01,9.0,29,0,0.0,0
s13,10,4.035727102146201,1.96,2.9400000000000004,29,0,0.0,0
s13,11,3.965791167045452,5.08,3.08,29,0,0.0,0
s13,13,4.023352925364592,1.0300000000000002,3.96,29,0,0.0,0
s13,14,3.947147424339026,4.94,1.55,29,0,0.0,0
s13,15,3.583372691513385,5.0,1.0,29,0,0.0,0
s13,16,3.8780325761012273,3.01,3.9699999999999998,29,0,0.0,0
s13,17,4.001845334677252,1.0599999999999996,3.01,29,0,0.0,0
s13,19,3.8779669404740806,1.4000000000000004,2.9400000000000004,29,0,0.0,0
s13,20,3.7002915513479646,2.0,6.0,29,0,0.0,0
s13,21,3.839836114665049,4.01,4.96,29,0,0.0,0
s13,22,3.8374162758998627,1.0,5.99,29,0,0.0,0
s13,23,3.739376219765996,2.97,4.04,29,0,0.0,0
s13,24,3.8793674878285644,3.97,6.04,29,0,0.0,0
s13,25,3.958164720570611,5.04,4.0,29,0,0.0,0
s13,26,3.944716785052962,3.5300000000000002,2.92,29,0,0.0,0
s13,28,3.754692001103449,4.04,7.04,29,0,0.0,0
s13,29,3.7355053876107474,3.05,7.06,29,0,0.0,0
s13,30,3.7710988661152682,1.97,9.0,29,0,0.0,0
s13,31,3.78752809972754,4.05,9.0,29,0,0.0,0
s13,32,3.7214937888119093,4.55,7.01,29,0,0.0,0
s13,33,3.741822585586721,2.92,8.99,29,0,0.0,0
s13,34,3.77010187289793,1.0,9.0,29,0,0.0,0
s13,35,3.7981185945184794,2.54,8.01,29,0,0.0,0
s13,36,3.833183387721703,1.0,8.97,29,0,0.0,0
s13,37,3.902669614326929,1.0,9.0,29,0,0.0,0
s13,38,3.8433206323940925,1.97,9.0,29,0,0.0,0
s13,39,3.8546092566592836,4.08,9.0,29,0,0.0,0
s14,1,4.449768329347773,2.95,1.0999999999999996,29,0,0.0,0
s14,2,4.591331057134394,1.5,2.3200000000000003,29,0,0.0,0
s14,3,4.606941966212641,1.62,2.2800000000000002,29,0,0.0,0
s14,4,4.919707372661256,3.99,7.06,29,0,0.0,0
s14,5,4.605672704788359,1.8099999999999996,2.17,29,0,0.0,0
s14,6,4.592395465974313,2.1500000000000004,3.4699999999999998,29,0,0.0,0
s14,7,4.7098079091179335,2.0,2.79,29,0,0.0,0
s14,8,4.4978612912875215,1.3099999999999996,1.5599999999999996,29,0,0.0,0
s14,9,4.6755761250240155,1.88,8.03,29,0,0.0,0
s14,10,4.68386959339881,8.03,4.26,29,0,0.0,0
s14,11,4.924672054780322,7.63,2.6,29,0,0.0,0
s14,12,4.5206060148108955,6.79,3.19,29,0,0.0,0
s14,13,4.488258870445256,8.03,4.36,29,0,0.0,0
s14,14,4.820971639604371,7.08,3.37,29,0,0.0,0
s14,15,4.533171564942374,3.96,2.35,29,0,0.0,0
s14,16,5.178114225220156,6.06,3.32,29,0,0.0,0
s14,17,4.728230682305618,8.09,3.15,29,0,0.0,0
s14,18,4.701158988129065,1.4500000000000002,3.08,29,0,0.0,0
s14,19,4.784912245460885,1.67,2.37,29,0,0.0,0
s14,20,4.419593819835752,1.03,6.09,29,0,0.0,0
s14,21,4.872098116903472,4.1,3.14,29,0,0.0,0
s14,22,4.7392372426877865,2.41,5.95,29,0,0.0,0
s14,23,4.604763588508289,2.36,6.19,29,0,0.0,0
s14,24,4.687030177217408,3.87,3.09,29,0,0.0,0
s14,25,4.6452680343060635,3.28,2.32,29,0,0.0,0
s14,26,4.737822431252325,5.81,3.09,29,0,0.0,0
s14,27,4.145389088800359,2.53,2.96,29,0,0.0,0
s14,28,4.569911198716934,2.92,5.96,29,0,0.0,0
s14,29,4.626017241578644,1.1,5.94,29,0,0.0,0
s14,30,4.558377649823625,3.26,6.49,29,0,0.0,0
s14,31,4.566453644988619,1.99,6.95,29,0,0.0,0
s14,32,4.655767991941451,3.18,5.83,29,0,0.0,0
s14,33,4.300706594456808,2.5,6.08,29,0,0.0,0
s14,34,4.565087485163054,2.68,6.17,29,0,0.0,0
s14,35,4.36525052409095,2.01,6.21,29,0,0.0,0
s14,36,4.550037634117011,3.47,5.96,29,0,0.0,0
s14,37,4.499296164885092,2.26,5.77,29,0,0.0,0
s14,38,4.861833714286984,2.3499999999999996,1.9400000000000004,29,0,0.0,0
s14,39,4.9396955145173935,2.3200000000000003,2.1399999999999997,29,0,0.0,0
s15,1,3.9929056943174435,5.04,4.06,29,0,0.0,0
s15,2,3.9803027043464927,8.04,5.0,29,0,0.0,0
s15,3,3.709430873191289,8.04,3.96,29,0,0.0,0
s15,6,3.8500906295355426,5.04,3.06,29,0,0.0,0
s15,9,4.240460731320146,4.99,5.04,29,0,0.0,0
s15,11,4.393923552583574,7.08,2.99,29,0,0.0,0
s15,12,4.329120437725141,7.06,4.04,29,0,0.0,0
s15,13,4.20731008688749,8.15,3.95,29,0,0.0,0
s15,14,3.8671973634946175,8.12,4.03,29,0,0.0,0
s15,15,4.16159890620543,4.17,2.95,29,0,0.0,0
s15,16,4.232645552866467,8.1,2.96,29,0,0.0,0
s15,17,4.019848332685607,7.04,4.05,29,0,0.0,0
s15,18,4.068297811850701,7.04,3.01,29,0,0.0,0
s15,19,4.455222796696317,1.0300000000000002,3.9400000000000004,29,0,0.0,0
s15,20,4.3251137942190585,3.09,3.14,29,0,0.0,0
s15,21,4.408586841686257,4.12,2.04,29,0,0.0,0
s15,22,4.46761286206576,3.05,4.12,29,0,0.0,0
s15,23,4.439518400320107,1.92,6.05,29,0,0.0,0
s15,24,4.377566371344383,2.96,5.04,29,0,0.0,0
s15,25,4.313452377061661,4.96,3.04,29,0,0.0,0
s15,26,4.238103538402706,6.0,4.14,29,0,0.0,0
s15,27,3.643760288813184,4.01,4.97,29,0,0.0,0
s15,28,4.254793581212383,4.05,6.08,29,0,0.0,0
s15,29,4.369333009077198,2.04,6.99,29,0,0.0,0
s15,30,4.284897469717464,2.99,4.01,29,0,0.0,0
s15,31,4.119874017727984,3.97,6.05,29,0,0.0,0
s15,32,4.457723352127127,3.01,4.01,29,0,0.0,0
s15,33,4.05814514365106,3.01,7.13,29,0,0.0,0
s15,34,4.22092979478819,3.95,2.09,29,0,0.0,0
s15,35,3.936341337118451,3.96,5.0,29,0,0.0,0
s15,36,4.498095502652123,3.04,5.04,29,0,0.0,0
s15,37,3.9522278232348356,2.08,7.03,29,0,0.0,0
s15,38,4.4451362984323195,4.0,5.03,29,0,0.0,0
s15,39,4.010903369675472,4.01,7.12,29,0,0.0,0
s16,0,3.9992720972671134,2.51,5.65,29,0,0.0,0
s16,1,4.413930839537019,2.55,3.9699999999999998,29,0,0.0,0
s16,2,4.155962949876162,2.26,3.17,29,0,0.0,0
s16,3,4.751704863447685,1.9100000000000001,3.33,29,0,0.0,0
s16,4,4.074511699575622,3.49,1.0999999999999996,29,0,0.0,0
s16,5,4.0805935430040625,4.99,3.63,29,0,0.0,0
s16,6,4.062400600257119,6.83,2.87,29,0,0.0,0
s16,7,3.6827453716835103,3.51,2.88,29,0,0.0,0
s16,8,4.233397411213036,4.18,4.24,29,0,0.0,0
s16,9,3.990160508505114,3.8600000000000003,1.5,29,0,0.0,0
s16,10,4.104162762348978,7.27,4.27,29,0,0.0,0
s16,11,4.261850914534669,5.97,3.9,29,0,0.0,0
s16,12,4.022539615119255,3.88,2.14,29,0,0.0,0
s16,13,4.051312423989426,3.64,6.28,29,0,0.0,0
s16,14,4.1331677548543295,2.67,5.53,29,0,0.0,0
s16,15,3.9770690681008114,4.97,1.0,29,0,0.0,0
s16,16,4.0438700955968665,1.21,8.47,29,0,0.0,0
s16,17,3.93765478257563,2.4400000000000004,3.2800000000000002,29,0,0.0,0
s16,18,4.144812363213358,2.86,2.94,29,0,0.0,0
s16,19,3.9517696154679327,3.82,5.87,29,0,0.0,0
s16,20,3.940158823674591,4.42,2.0,29,0,0.0,0
s16,21,4.077174515050129,6.79,1.0,29,0,0.0,0
s16,22,3.937708419559196,3.9,3.83,29,0,0.0,0
s16,23,3.7225913992035973,2.51,5.38,29,0,0.0,0
s16,24,3.8775212630273246,2.47,3.45,29,0,0.0,0
s16,25,3.7850691117789337,1.82,6.21,29,0,0.0,0
s16,26,3.981567338395596,2.59,5.49,29,0,0.0,0
s16,27,3.8176956360647507,2.85,3.38,29,0,0.0,0
s16,28,3.679588891794879,3.23,2.79,29,0,0.0,0
s16,29,4.019912161032273,6.1,3.68,29,0,0.0,0
s16,30,4.057910257326463,3.88,5.79,29,0,0.0,0
s16,32,4.015294815971304,1.0,3.92,29,0,0.0,0
s16,33,4.196410035245275,1.0,7.53,29,0,0.0,0
s16,34,4.037785719181336,1.0,3.71,29,0,0.0,0
s16,35,3.5271875900682508,5.05,3.83,29,0,0.0,0
s16,36,4.105004884396356,2.91,3.5,29,0,0.0,0
s16,37,3.9419487790126446,4.27,6.26,29,0,0.0,0
s16,38,4.184092054543972,2.87,3.0300000000000002,29,0,0.0,0
s16,39,3.871722071830752,3.74,3.77,29,0,0.0,0
s17,0,3.890192473568456,4.05,5.96,29,0,0.0,0
s17,1,3.9893914147896963,1.7400000000000002,1.9699999999999998,29,0,0.0,0
s17,2,3.9059703281020934,2.54,3.2199999999999998,29,0,0.0,0
s17,3,3.7335653702755267,2.6500000000000004,3.4400000000000004,29,0,0.0,0
s17,5,4.034913390679259,2.0999999999999996,3.05,29,0,0.0,0
s17,6,3.948126268917525,1.92,2.4000000000000004,29,0,0.0,0
s17,7,3.889379074188562,6.05,4.99,29,0,0.0,0
s17,8,3.891726335596169,2.96,2.87,29,0,0.0,0
s17,9,3.9487359533494457,2.91,1.9500000000000002,29,0,0.0,0
s17,10,3.9186379569662817,2.9699999999999998,3.33,29,0,0.0,0
s17,11,3.9040044747319547,5.96,3.68,29,0,0.0,0
s17,12,4.0305067107506245,4.54,5.51,29,0,0.0,0
s17,13,3.9869575067029945,2.42,3.1500000000000004,29,0,0.0,0
s17,14,4.116020863198826,5.96,4.06,29,0,0.0,0
s17,15,3.9099726786714486,5.92,3.62,29,0,0.0,0
s17,16,3.9419553442496973,4.12,2.5,29,0,0.0,0
s17,17,3.7701328494414366,6.22,3.83,29,0,0.0,0
s17,18,3.8884105413181005,1.7300000000000004,2.9699999999999998,29,0,0.0,0
s17,19,3.7786125122700382,7.03,3.88,29,0,0.0,0
s17,20,3.7556120253947434,4.0,4.09,29,0,0.0,0
s17,21,3.8888258466106,3.19,3.82,29,0,0.0,0
s17,22,3.918894663434688,3.62,2.95,29,0,0.0,0
s17,23,3.8282820761822105,4.53,4.27,29,0,0.0,0
s17,24,3.8309436444078035,6.18,4.0,29,0,0.0,0
s17,25,3.9055223173741855,3.73,2.77,29,0,0.0,0
s17,26,3.9014197791332066,3.96,3.29,29,0,0.0,0
s17,27,3.6632994760777855,5.64,3.78,29,0,0.0,0
s17,28,3.7845829670126077,5.54,5.0,29,0,0.0,0
s17,29,3.8120875002896266,3.04,5.81,29,0,0.0,0
s17,30,3.900390198788817,4.54,5.69,29,0,0.0,0
s17,31,3.8602236503368554,4.04,5.86,29,0,0.0,0
s17,32,3.8029590850199675,3.83,5.74,29,0,0.0,0
s17,33,3.933779905822079,4.99,6.38,29,0,0.0,0
s17,34,3.6907255144463282,4.17,5.74,29,0,0.0,0
s17,35,3.707773402143771,3.37,6.12,29,0,0.0,0
s17,36,3.7424322478053873,3.46,7.03,29,0,0.0,0
s17,37,3.8097185588395983,3.6,6.23,29,0,0.0,0
s17,38,3.875046780778405,1.9000000000000004,1.9699999999999998,29,0,0.0,0
s17,39,3.9107452835433154,3.96,2.9699999999999998,29,0,0.0,0
s18,0,4.605320010184926,2.67,2.26,29,0,0.0,0
s18,1,4.643299238662792,2.13,2.91,29,0,0.0,0
s18,2,4.888268251713571,2.6399999999999997,2.2800000000000002,29,0,0.0,0
s18,3,4.556790631356881,2.3499999999999996,1.0300000000000002,29,0,0.0,0
s18,4,4.643748543093666,2.87,1.2800000000000002,29,0,0.0,0
s18,5,4.623581849388871,2.49,2.96,29,0,0.0,0
s18,6,4.664371204308511,1.67,2.0599999999999996,29,0,0.0,0
s18,7,4.457977938376419,5.0,5.49,29,0,0.0,0
s18,8,4.542514871765419,2.45,2.9699999999999998,29,0,0.0,0
s18,9,4.672583636932355,2.91,1.71,29,0,0.0,0
s18,10,4.62636626469729,2.76,2.4000000000000004,29,0,0.0,0
s18,11,4.683626632246995,5.55,4.63,29,0,0.0,0
s18,12,4.5608569550715945,7.33,4.09,29,0,0.0,0
s18,13,4.623628996455055,6.62,3.94,29,0,0.0,0
s18,14,4.458144643312119,2.96,3.6500000000000004,29,0,0.0,0
s18,15,4.876841577908003,4.38,4.03,29,0,0.0,0
s18,16,4.664941378359545,1.2599999999999998,3.2300000000000004,29,0,0.0,0
s18,17,4.645496234943867,7.05,3.08,29,0,0.0,0
s18,18,4.6206377044746505,1.96,2.17,29,0,0.0,0
s18,19,4.4100152709703835,2.76,3.29,29,0,0.0,0
s18,20,4.52122491325338,3.92,4.33,29,0,0.0,0
s18,21,4.582349150551999,5.69,3.97,29,0,0.0,0
s18,22,4.306576106707394,3.71,4.31,29,0,0.0,0
s18,23,4.3990739130761725,3.22,6.21,29,0,0.0,0
s18,24,4.589343800908517,4.23,5.6,29,0,0.0,0
s18,25,4.638999761211607,5.44,3.08,29,0,0.0,0
s18,26,4.4679139433350334,3.0599999999999996,3.76,29,0,0.0,0
s18,27,4.734516214126973,5.95,4.38,29,0,0.0,0
s18,28,4.501563387294194,4.9,4.22,29,0,0.0,0
s18,29,4.463741170377636,2.96,5.51,29,0,0.0,0
s18,30,4.542645295585669,4.44,6.05,29,0,0.0,0
s18,31,4.610022862933716,4.62,6.73,29,0,0.0,0
s18,32,4.724651907835807,4.56,4.15,29,0,0.0,0
s18,33,4.398241872146058,4.15,3.26,29,0,0.0,0
s18,34,4.702393325830529,3.88,1.9400000000000004,29,0,0.0,0
s18,35,4.405769569634272,3.76,2.01,29,0,0.0,0
s18,36,4.7041689988932385,4.0,6.24,29,0,0.0,0
s18,37,4.5373909685328835,4.51,4.04,29,0,0.0,0
s18,38,4.634016414850494,4.06,4.58,29,0,0.0,0
s18,39,4.470698771642665,5.0,6.06,29,0,0.0,0
s19,0,5.331780645704954,1.5599999999999996,2.55,29,0,0.0,0
s19,1,5.432579574817036,2.54,2.1900000000000004,29,0,0.0,0
s19,2,5.4066851990495115,2.1799999999999997,1.96,29,0,0.0,0
s19,3,5.440656503239075,3.2300000000000004,3.4699999999999998,29,0,0.0,0
s19,5,5.691869669225699,1.2699999999999996,2.0999999999999996,29,0,0.0,0
s19,6,5.348954825736728,2.3600000000000003,2.41,29,0,0.0,0
s19,7,5.3075840195922845,1.5599999999999996,2.33,29,0,0.0,0
s19,8,5.148610240136976,1.9100000000000001,3.33,29,0,0.0,0
s19,9,5.562406567607547,3.99,1.33,29,0,0.0,0
s19,10,5.346834772430659,3.17,3.37,29,0,0.0,0
s19,11,5.400922639712307,2.74,3.33,29,0,0.0,0
s19,12,5.437013702549444,1.4699999999999998,2.51,29,0,0.0,0
s19,13,5.507188915180811,6.76,3.01,29,0,0.0,0
s19,14,5.481609165123221,5.68,2.73,29,0,0.0,0
s19,15,5.066052228680121,3.24,1.95,29,0,0.0,0
s19,16,5.40497092845971,7.38,3.54,29,0,0.0,0
s19,17,5.0520446222649475,1.2300000000000004,2.6500000000000004,29,0,0.0,0
s19,18,5.2878059813299005,1.3499999999999996,1.9500000000000002,29,0,0.0,0
s19,19,5.461857735426421,2.87,2.99,29,0,0.0,0
s19,20,5.338250929799871,2.19,3.28,29,0,0.0,0
s19,21,5.4262832640392915,5.04,4.87,29,0,0.0,0
s19,22,5.414263237277695,3.77,3.74,29,0,0.0,0
s19,23,5.124508623164654,3.23,4.01,29,0,0.0,0
s19,24,5.369081412123683,2.19,3.81,29,0,0.0,0
s19,25,5.146912582209648,4.95,3.53,29,0,0.0,0
s19,26,5.301468297441071,4.97,2.97,29,0,0.0,0
s19,27,5.69675554941918,6.21,2.08,29,0,0.0,0
s19,28,5.493383054812846,2.82,5.44,29,0,0.0,0
s19,29,4.556432384574879,2.85,2.26,29,0,0.0,0
s19,30,5.300073572254316,3.9699999999999998,3.12,29,0,0.0,0
s19,31,5.570696116046863,4.96,7.71,29,0,0.0,0
s19,32,5.228278053426296,3.4,7.13,29,0,0.0,0
s19,33,5.287833236119051,4.17,6.53,29,0,0.0,0
s19,34,5.076419177942036,3.21,6.03,29,0,0.0,0
s19,35,5.4047988187118,3.71,5.95,29,0,0.0,0
s19,36,5.191861305545461,3.15,5.53,29,0,0.0,0
s19,37,5.326627189017935,1.62,7.58,29,0,0.0,0
s19,38,5.26497431234722,3.96,3.95,29,0,0.0,0
s19,39,5.126702048807488,4.24,6.33,29,0,0.0,0
s20,0,3.152713405561788,5.76,4.78,29,0,0.0,0
s20,1,3.1970487957962392,2.2300000000000004,3.96,29,0,0.0,0
s20,2,3.545286978179365,7.18,4.23,29,0,0.0,0
s20,3,3.1916110305137497,1.9500000000000002,3.08,29,0,0.0,0
s20,5,3.2644774221999397,1.38,3.26,29,0,0.0,0
s20,6,3.4534993683209154,3.7300000000000004,1.9900000000000002,29,0,0.0,0
s20,7,3.3229836064132425,1.37,3.08,29,0,0.0,0
s20,9,3.316860223800948,3.87,2.1900000000000004,29,0,0.0,0
s20,11,3.2886139487897275,1.3600000000000003,3.54,29,0,0.0,0
s20,12,3.3952890319545794,1.0899999999999999,3.96,29,0,0.0,0
s20,13,3.355965616395063,2.5999999999999996,3.4000000000000004,29,0,0.0,0
s20,14,3.357807890747785,2.6500000000000004,3.74,29,0,0.0,0
s20,15,3.3411221148681696,5.03,3.0,29,0,0.0,0
s20,16,3.394423589377283,5.04,4.99,29,0,0.0,0
s20,17,3.5145577689628493,1.6500000000000004,2.6399999999999997,29,0,0.0,0
s20,18,3.2111515988737405,1.4100000000000001,3.38,29,0,0.0,0
s20,19,3.202865924396587,2.3499999999999996,3.6900000000000004,29,0,0.0,0
s20,20,3.3097451900191714,4.97,4.92,29,0,0.0,0
s20,21,3.4213248950828925,4.06,5.36,29,0,0.0,0
s20,22,3.390606356283344,2.82,6.31,29,0,0.0,0
s20,23,3.2443986564837237,3.0,5.01,29,0,0.0,0
s20,24,3.360161788323756,2.99,5.04,29,0,0.0,0
s20,25,3.3943787445782188,4.31,3.24,29,0,0.0,0
s20,26,3.168521655307924,5.03,3.91,29,0,0.0,0
s20,27,3.2110307749645304,5.01,3.26,29,0,0.0,0
s20,28,3.1441622667926237,2.44,5.47,29,0,0.0,0
s20,29,3.6564895648239792,3.49,6.54,29,0,0.0,0
s20,30,3.1509261025826882,4.46,6.28,29,0,0.0,0
s20,31,3.0469755220904826,2.7199999999999998,3.29,29,0,0.0,0
s20,32,3.1238545528522743,4.64,6.01,29,0,0.0,0
s20,33,3.520892838104587,4.74,7.08,29,0,0.0,0
s20,34,3.4084004491343047,4.35,7.45,29,0,0.0,0
s20,35,3.0616758829407043,4.29,7.49,29,0,0.0,0
s20,36,3.115172654119443,3.01,5.28,29,0,0.0,0
s20,37,3.509307672973718,3.38,5.94,29,0,0.0,0
s20,38,3.1683627298641204,4.67,6.13,29,0,0.0,0
s20,39,3.087006992034539,4.94,2.83,29,0,0.0,0
s21,0,3.533602203328027,6.42,4.21,29,0,0.0,0
s21,1,3.1177181424167797,1.9500000000000002,2.96,29,0,0.0,0
s21,2,3.513993766813801,4.83,3.35,29,0,0.0,0
s21,3,3.1256976757615034,3.95,2.99,29,0,0.0,0
s21,5,3.0228801473612963,1.08,1.9500000000000002,29,0,0.0,0
s21,6,3.4098258435274116,1.9500000000000002,2.42,29,0,0.0,0
s21,9,3.0459652563654376,1.9500000000000002,2.12,29,0,0.0,0
s21,10,2.993604344345248,1.9500000000000002,2.4400000000000004,29,0,0.0,0
s21,11,3.5109002463477563,4.63,4.06,29,0,0.0,0
s21,12,3.400604513754156,4.27,6.17,29,0,0.0,0
s21,14,3.0300292034881307,2.08,3.01,29,0,0.0,0
s21,15,3.342237280643706,3.01,1.9000000000000004,29,0,0.0,0
s21,16,3.1997040212516326,5.53,4.01,29,0,0.0,0
s21,18,3.6905794982971374,1.7400000000000002,2.71,29,0,0.0,0
s21,19,2.9596879116301404,2.33,6.05,29,0,0.0,0
s21,20,3.077592226490967,4.08,2.91,29,0,0.0,0
s21,21,3.195708281955397,2.09,6.03,29,0,0.0,0
s21,22,3.157373080933387,4.69,6.04,29,0,0.0,0
s21,23,3.1139586484255264,2.99,6.01,29,0,0.0,0
s21,24,2.889542295453098,3.97,7.03,29,0,0.0,0
s21,25,2.994889994644044,4.06,3.99,29,0,0.0,0
s21,26,2.9400044456462724,4.01,6.08,29,0,0.0,0
s21,27,2.860061566723612,3.04,5.96,29,0,0.0,0
s21,28,3.4609655261157384,3.01,6.41,29,0,0.0,0
s21,29,3.0801363786548004,3.45,6.56,29,0,0.0,0
s21,30,2.971726347790295,3.96,3.99,29,0,0.0,0
s21,31,3.1734844335496137,2.7300000000000004,1.9900000000000002,29,0,0.0,0
s21,32,3.1634282089281824,1.9699999999999998,1.96,29,0,0.0,0
s21,33,2.881850564638424,4.06,2.91,29,0,0.0,0
s21,34,2.906107152577561,4.92,2.91,29,0,0.0,0
s21,35,3.318969880832694,2.12,1.79,29,0,0.0,0
s21,36,3.0065397606661146,3.04,6.08,29,0,0.0,0
s21,37,3.0882093155338923,3.03,6.0,29,0,0.0,0
s21,38,3.4735415022230347,2.91,2.2300000000000004,29,0,0.0,0
s21,39,3.0741969624794088,3.99,5.77,29,0,0.0,0
s22,0,5.692835779944586,5.05,1.99,29,4,0.13793103448275862,1
s22,1,5.390385824785169,1.92,1.9500000000000002,29,0,0.0,0
s22,2,5.853833928347141,1.9500000000000002,2.9699999999999998,29,1,0.034482758620689655,1
s22,3,5.508110286501152,1.9400000000000004,3.04,29,0,0.0,0
s22,4,5.737141004348092,1.9000000000000004,1.92,29,0,0.0,0
s22,5,5.631151389441697,4.97,3.0,29,2,0.06896551724137931,1
s22,6,5.832731132502337,6.03,4.99,29,0,0.0,0
s22,7,5.684169424559434,7.09,5.0,29,4,0.13793103448275862,1
s22,9,5.92989221612995,4.0,6.06,29,2,0.06896551724137931,1
s22,11,5.739466242701726,4.99,1.0,29,2,0.06896551724137931,1
s22,12,5.728539078614733,7.01,4.97,29,5,0.1724137931034483,1
s22,14,5.718037258933532,5.0,1.0,29,2,0.06896551724137931,1
s22,16,5.887112902214905,5.04,4.04,29,2,0.06896551724137931,1
s22,19,5.762540608706716,1.92,3.9699999999999998,29,0,0.0,0
s22,20,6.209192407955807,2.97,4.95,29,1,0.034482758620689655,1
s22,21,6.026969161803373,4.05,4.06,29,7,0.2413793103448276,1
s22,22,5.9388217239673375,2.99,5.03,29,1,0.034482758620689655,1
s22,23,6.033955430210079,1.96,7.05,29,0,0.0,0
s22,24,5.808158392831334,2.95,4.9,29,2,0.06896551724137931,1
s22,25,5.9813481853013695,5.0,3.0,29,2,0.06896551724137931,1
s22,26,5.831699946667766,1.9400000000000004,3.01,29,0,0.0,0
s22,27,5.82861268343721,4.03,2.01,29,6,0.20689655172413793,1
s22,28,5.8508562363372985,2.0,6.05,29,0,0.0,0
s22,29,6.015353788611741,1.0,7.03,29,0,0.0,0
s22,30,5.830042295271474,2.01,1.96,29,1,0.034482758620689655,1
s22,31,5.731417795351692,1.99,7.01,29,1,0.034482758620689655,1
s22,32,5.519349771710881,1.96,7.06,29,2,0.06896551724137931,1
s22,33,6.141226243393603,3.96,1.9500000000000002,29,2,0.06896551724137931,1
s22,34,5.7570072603279225,1.99,7.08,29,0,0.0,0
s22,35,5.489565137897216,1.96,7.06,29,2,0.06896551724137931,1
s22,36,5.921410591940113,1.0,6.05,29,4,0.13793103448275862,1
s22,37,5.977271597256247,1.0,7.05,29,2,0.06896551724137931,1
s22,38,6.012626697146493,1.0,7.01,29,6,0.20689655172413793,1
s22,39,5.860040495878644,2.97,1.96,29,0,0.0,0
s23,0,3.0526095131713036,1.29,2.4400000000000004,29,0,0.0,0
s23,2,3.1026488577901326,7.09,4.14,29,0,0.0,0
s23,4,2.9644227126884637,2.0599999999999996,1.9900000000000002,29,0,0.0,0
s23,5,3.176920141022847,5.09,4.97,29,0,0.0,0
s23,7,2.923314617118411,7.23,4.95,29,0,0.0,0
s23,8,2.911524102075149,7.03,5.0,29,0,0.0,0
s23,9,3.070079994015157,5.01,2.99,29,0,0.0,0
s23,10,3.1673123402335275,7.0,5.0,29,0,0.0,0
s23,11,2.9160983833203025,7.0,1.91,29,0,0.0,0
s23,14,3.0981741066891946,7.0,1.96,29,0,0.0,0
s23,15,3.027397492982176,5.15,1.91,29,0,0.0,0
s23,16,3.3128359605420297,2.86,1.0,29,0,0.0,0
s23,17,2.8702760036072514,7.12,4.95,29,0,0.0,0
s23,19,3.0503248368849336,3.96,1.0,29,0,0.0,0
s23,20,2.9780199677140926,1.91,1.0,29,0,0.0,0
s23,21,2.848818131089951,2.97,1.0,29,0,0.0,0
s23,22,3.0530250154902494,4.17,1.97,29,0,0.0,0
s23,23,3.0546010214854906,6.53,2.03,29,0,0.0,0
s23,24,2.8843637770206993,4.97,1.0,29,0,0.0,0
s23,25,2.9381019521648937,8.27,5.0,29,0,0.0,0
s23,26,3.050613230186865,5.06,1.05,29,0,0.0,0
s23,27,2.938326216121054,5.04,1.0,29,0,0.0,0
s23,28,3.0219053843551995,3.72,1.06,29,0,0.0,0
s23,29,2.898665328446951,3.88,1.19,29,0,0.0,0
s23,30,3.0468609820145143,4.86,1.0,29,0,0.0,0
s23,31,3.036953875053158,1.0300000000000002,1.96,29,0,0.0,0
s23,32,2.860412456741204,5.04,1.0,29,0,0.0,0
s23,33,3.0398396931921257,2.2800000000000002,2.6500000000000004,29,0,0.0,0
s23,34,2.8803656521661405,5.18,1.0,29,0,0.0,0
s23,35,3.0732029653506503,4.92,1.0,29,0,0.0,0
s23,36,3.1138476542220594,4.31,1.0,29,0,0.0,0
s23,37,3.0918829818137,4.97,1.0,29,0,0.0,0
s23,38,2.8872569843484333,5.0,1.0,29,0,0.0,0
s23,39,2.865609836304598,4.88,1.0,29,0,0.0,0
s24,0,5.139364264318448,1.9400000000000004,2.91,29,0,0.0,0
s24,1,5.393848692031543,2.96,2.91,29,0,0.0,0
s24,3,5.21556114600159,2.95,1.9500000000000002,29,0,0.0,0
s24,4,5.530322059954916,1.9400000000000004,3.04,29,0,0.0,0
s24,5,5.550484722084493,3.04,3.01,29,0,0.0,0
s24,6,5.023277569096817,3.04,5.94,29,0,0.0,0
s24,7,5.0997575948656415,7.03,4.99,29,0,0.0,0
s24,8,5.193548003866199,1.92,3.99,29,0,0.0,0
s24,9,5.6602681596215865,3.99,3.96,29,0,0.0,0
s24,10,4.986229816877679,1.9699999999999998,3.9400000000000004,29,0,0.0,0
s24,11,5.348389090278795,7.04,3.06,29,0,0.0,0
s24,12,5.153393564327455,1.0,2.9400000000000004,29,0,0.0,0
s24,14,5.24171110494722,6.0,2.0,29,0,0.0,0
s24,15,5.342647284564519,4.0,4.06,29,0,0.0,0
s24,16,5.922921110987147,4.08,5.99,29,0,0.0,0
s24,18,5.994415038491064,1.9699999999999998,3.95,29,0,0.0,0
s24,19,5.7902040060577145,4.03,6.08,29,0,0.0,0
s24,20,5.624904253358405,1.96,8.05,29,0,0.0,0
s24,21,5.728350232387288,3.03,6.06,29,0,0.0,0
s24,22,5.96088364046285,1.0,8.06,29,0,0.0,0
s24,23,5.420991206404996,2.99,6.06,29,0,0.0,0
s24,24,5.357821330703205,3.12,6.99,29,0,0.0,0
s24,25,5.336891294792631,4.05,6.99,29,0,0.0,0
s24,26,5.848592862988806,2.92,3.9699999999999998,29,0,0.0,0
s24,27,5.05815186640943,4.03,6.05,29,0,0.0,0
s24,28,5.561202322684636,3.97,6.04,29,0,0.0,0
s24,29,5.425378626459266,1.0,8.03,29,0,0.0,0
s24,30,5.308244566398611,2.94,7.97,29,0,0.0,0
s24,31,5.441755968075597,3.0,8.01,29,0,0.0,0
s24,32,5.210697985924965,5.01,3.03,29,0,0.0,0
s24,33,5.275811128875904,4.05,5.01,29,0,0.0,0
s24,34,5.039650668753392,4.05,6.03,29,0,0.0,0
s24,35,5.3567922728407975,4.0,4.96,29,0,0.0,0
s24,36,5.355003958862801,4.0,6.0,29,0,0.0,0
s24,37,5.060936568263073,2.03,7.08,29,0,0.0,0
s24,38,5.414368426292031,2.12,7.95,29,0,0.0,0
s24,39,5.103689063751021,5.0,2.97,29,0,0.0,0
s25,1,4.467994361205504,2.99,6.06,29,0,0.0,0
s25,2,4.700684492112568,1.88,1.9100000000000001,29,0,0.0,0
s25,3,4.755598858653699,5.0,2.01,29,0,0.0,0
s25,4,4.472626041441333,5.04,1.94,29,0,0.0,0
s25,5,4.886692410189749,5.0,6.06,29,0,0.0,0
s25,9,4.7316779876560116,1.0,6.12,29,0,0.0,0
s25,12,4.585614569622337,1.0300000000000002,2.96,29,0,0.0,0
s25,14,4.682999422787662,1.9900000000000002,3.92,29,0,0.0,0
s25,15,4.221806326783373,6.05,3.01,29,0,0.0,0
s25,16,5.05664604076958,3.96,3.96,29,0,0.0,0
s25,17,4.443908628436727,3.04,6.04,29,0,0.0,0
s25,18,4.568055844753579,1.9400000000000004,2.92,29,0,0.0,0
s25,19,4.500399433406058,1.92,1.9100000000000001,29,0,0.0,0
s25,20,4.2007447712248265,6.03,5.0,29,0,0.0,0
s25,22,4.443987772130625,2.01,7.03,29,0,0.0,0
s25,23,4.474082584505316,3.05,2.0,29,0,0.0,0
s25,24,4.4473660838696665,4.96,5.06,29,0,0.0,0
s25,25,4.553734100952783,4.99,1.06,29,0,0.0,0
s25,26,4.7105698156494755,5.03,2.97,29,0,0.0,0
s25,27,4.2800270472296305,5.01,1.03,29,0,0.0,0
s25,28,4.538320501781542,1.0,5.99,29,0,0.0,0
s25,29,4.710611122083378,4.03,4.14,29,0,0.0,0
s25,30,4.421620377481931,1.01,7.12,29,0,0.0,0
s25,31,4.488954532568748,1.0,6.04,29,0,0.0,0
s25,32,4.3756073654824625,1.94,6.06,29,0,0.0,0
s25,33,4.558383495579259,4.95,3.05,29,0,0.0,0
s25,34,4.501580225690504,3.03,6.0,29,0,0.0,0
s25,35,4.521771972717174,3.0,7.1,29,0,0.0,0
s25,36,4.7479937442740665,1.0,7.08,29,0,0.0,0
s25,37,4.760368193967461,1.0,7.05,29,0,0.0,0
s25,38,4.3123797590686035,1.0,6.06,29,0,0.0,0
s25,39,4.500394773712202,1.0,4.97,29,0,0.0,0
s26,0,3.7424155848323206,1.0300000000000002,1.0999999999999996,29,0,0.0,0
s26,1,3.8865499820866343,2.04,1.87,29,0,0.0,0
s26,4,4.407205860051042,4.0,3.01,29,0,0.0,0
s26,6,4.304212829412728,2.92,1.9000000000000004,29,0,0.0,0
s26,9,4.0565217547845736,3.08,2.91,29,0,0.0,0
s26,11,4.412263369823028,1.96,3.96,29,0,0.0,0
s26,12,4.555028370437093,7.12,2.94,29,0,0.0,0
s26,14,4.2920388592427265,1.9900000000000002,3.96,29,0,0.0,0
s26,15,3.9137250544405275,6.19,3.0,29,0,0.0,0
s26,16,4.731317532999505,3.96,3.9699999999999998,29,0,0.0,0
s26,17,4.234645935566124,9.0,2.99,29,0,0.0,0
s26,18,4.200059150628171,1.0,1.9400000000000004,29,0,0.0,0
s26,20,4.466727883911817,6.06,2.94,29,0,0.0,0
s26,21,4.8522736381176,6.97,4.99,29,0,0.0,0
s26,22,4.518785666558924,2.28,2.88,29,0,0.0,0
s26,23,4.172724887397788,9.0,4.96,29,0,0.0,0
s26,24,4.20836694084986,7.14,3.95,29,0,0.0,0
s26,25,4.087394328255056,5.05,4.04,29,0,0.0,0
s26,26,4.750206039081431,6.0,4.03,29,0,0.0,0
s26,27,4.669982741261076,3.0300000000000002,3.96,29,0,0.0,0
s26,28,4.346548279198311,6.09,4.9,29,0,0.0,0
s26,29,3.8857232614657278,4.95,2.01,29,0,0.0,0
s26,30,4.094018848236024,1.97,1.94,29,0,0.0,0
s26,31,4.210383214489617,1.96,1.96,29,0,0.0,0
s26,32,4.132375642043212,1.0,1.0,29,0,0.0,0
s26,33,4.152048760495189,1.0,5.01,29,0,0.0,0
s26,34,3.7893818607334073,2.97,1.0,29,0,0.0,0
s26,35,3.937292730470111,2.92,1.92,29,0,0.0,0
s26,36,4.284433626782594,1.0,1.0,29,0,0.0,0
s26,37,3.863988458650993,1.15,1.06,29,0,0.0,0
s26,38,3.7344720922888124,1.95,1.97,29,0,0.0,0
s26,39,3.816855672601711,3.06,1.0,29,0,0.0,0
s27,0,3.3044501980386802,2.9699999999999998,3.96,29,0,0.0,0
s27,1,3.2246500010745183,2.0,1.9699999999999998,29,0,0.0,0
s27,3,3.386501462722697,1.9500000000000002,1.9900000000000002,29,0,0.0,0
s27,4,3.3349736436415074,4.97,1.0,29,0,0.0,0
s27,5,3.660225460300174,2.0,3.96,29,0,0.0,0
s27,6,3.505188083842466,4.94,5.04,29,0,0.0,0
s27,9,3.6048803145278536,2.99,3.96,29,0,0.0,0
s27,11,3.362310620750452,4.18,5.04,29,0,0.0,0
s27,12,3.3511968672856622,1.9900000000000002,1.8600000000000003,29,0,0.0,0
s27,14,3.262304412727832,5.04,3.06,29,0,0.0,0
s27,18,3.288266760067203,5.06,2.0,29,0,0.0,0
s27,19,3.2275592024827553,2.0300000000000002,3.96,29,0,0.0,0
s27,21,3.446999074641938,1.71,3.96,29,0,0.0,0
s27,22,3.2806741934845305,1.0,2.96,29,0,0.0,0
s27,24,3.2888217640795037,4.0,1.0,29,0,0.0,0
s27,25,3.4758261379908584,5.04,2.06,29,0,0.0,0
s27,26,3.2267625708698566,4.97,1.0,29,0,0.0,0
s27,27,3.4112947305474224,5.04,2.01,29,0,0.0,0
s27,28,3.4252193243078786,1.8200000000000003,3.96,29,0,0.0,0
s27,29,3.421060924012362,1.92,1.96,29,0,0.0,0
s27,30,3.314547980774866,3.92,2.96,29,0,0.0,0
s27,31,3.4764998328624594,3.96,3.9699999999999998,29,0,0.0,0
s27,32,3.34553347947754,5.04,3.04,29,0,0.0,0
s27,33,3.2120196854035976,2.85,1.0,29,0,0.0,0
s27,34,3.2602660940983754,1.0,1.0,29,0,0.0,0
s27,35,3.413402972338053,2.87,1.79,29,0,0.0,0
s27,36,3.26542353521918,2.99,5.03,29,0,0.0,0
s27,37,3.389275913107378,1.0,4.91,29,0,0.0,0
s27,38,3.468045582142806,2.14,1.01,29,0,0.0,0
s27,39,3.2069189325299146,5.04,3.06,29,0,0.0,0
s28,0,4.459533697576429,1.9699999999999998,1.9100000000000001,29,0,0.0,0
s28,7,4.624716022445899,7.01,2.09,29,0,0.0,0
s28,8,4.631102709421893,5.04,5.0,29,0,0.0,0
s28,9,4.787982535719492,1.0099999999999998,1.87,29,0,0.0,0
s28,10,4.61127928825862,7.01,4.03,29,0,0.0,0
s28,11,4.624465353021614,6.06,2.05,29,0,0.0,0
s28,12,4.739936016913076,2.09,1.01,29,0,0.0,0
s28,13,4.766230169195114,8.03,3.04,29,0,0.0,0
s28,14,4.822837898556905,5.04,1.0,29,0,0.0,0
s28,15,4.367753471634421,6.91,2.01,29,0,0.0,0
s28,16,5.011429623006753,6.99,3.09,29,0,0.0,0
s28,17,4.583413884425163,8.08,2.97,29,0,0.0,0
s28,18,4.534202937970719,1.9699999999999998,1.92,29,0,0.0,0
s28,20,4.420665699577194,2.01,1.95,29,0,0.0,0
s28,21,4.488147911073381,5.03,1.0,29,0,0.0,0
s28,22,4.557862898965891,2.03,3.04,29,0,0.0,0
s28,23,4.634042638610873,4.04,3.01,29,0,0.0,0
s28,24,4.332514671652855,4.06,3.05,29,0,0.0,0
s28,25,4.635696634292318,1.99,1.0,29,0,0.0,0
s28,26,4.603240939946634,2.92,2.99,29,0,0.0,0
s28,27,4.101697006872118,2.9,1.85,29,0,0.0,0
s28,28,4.507505639001732,2.06,1.97,29,0,0.0,0
s28,29,4.359542023244583,1.99,2.0,29,0,0.0,0
s28,30,4.489435812124983,2.09,1.96,29,0,0.0,0
s28,31,4.473475734059527,3.05,7.05,29,0,0.0,0
s28,32,4.4815592015623595,1.9900000000000002,1.08,29,0,0.0,0
s28,33,4.415278137877721,3.01,1.9400000000000004,29,0,0.0,0
s28,34,4.552391995132821,1.08,6.05,29,0,0.0,0
s28,35,4.616928466594376,3.08,2.96,29,0,0.0,0
s28,36,4.578414571410385,1.01,5.0,29,0,0.0,0
s28,37,4.62894869655782,1.96,7.96,29,0,0.0,0
s28,38,4.569653253204069,1.04,3.06,29,0,0.0,0
s28,39,4.585386292315944,1.9000000000000004,1.96,29,0,0.0,0
s29,0,3.363719190709639,2.9400000000000004,3.9400000000000004,29,0,0.0,0
s29,1,3.42793892680939,1.9500000000000002,1.9500000000000002,29,0,0.0,0
s29,6,3.5938759921512333,1.96,1.9000000000000004,29,0,0.0,0
s29,7,3.3575372559314967,7.04,5.0,29,0,0.0,0
s29,8,3.4437210785752823,1.9400000000000004,2.9400000000000004,29,0,0.0,0
s29,11,3.5619009977163745,6.04,4.05,29,0,0.0,0
s29,12,3.6155349114552475,6.06,2.92,29,0,0.0,0
s29,14,3.538957283476919,4.01,1.97,29,0,0.0,0
s29,15,3.337576838329083,3.0,1.0,29,0,0.0,0
s29,16,3.7093119556995218,5.08,1.0,29,0,0.0,0
s29,17,3.4722308257768093,1.9900000000000002,3.96,29,0,0.0,0
s29,18,3.643496576632605,1.9500000000000002,2.9400000000000004,29,0,0.0,0
s29,20,3.2398500608883163,2.92,2.03,29,0,0.0,0
s29,21,3.4978712270140924,3.05,2.99,29,0,0.0,0
s29,22,3.4248606317336314,2.05,1.0,29,0,0.0,0
s29,23,3.691085056155396,4.12,7.0,29,0,0.0,0
s29,24,3.400477306648678,3.03,3.97,29,0,0.0,0
s29,25,3.375973059689877,3.0,1.0,29,0,0.0,0
s29,26,3.5899772478622243,1.9100000000000001,2.9400000000000004,29,0,0.0,0
s29,27,3.243801701432883,1.04,2.1,29,0,0.0,0
s29,28,3.533844878285413,3.97,1.0,29,0,0.0,0
s29,29,3.4254807003070593,2.95,7.12,29,0,0.0,0
s29,30,3.345233187590303,1.0,8.04,29,0,0.0,0
s29,31,3.3603907093656633,4.04,9.0,29,0,0.0,0
s29,32,3.417481566318935,1.99,7.03,29,0,0.0,0
s29,33,3.417934590630803,3.95,7.97,29,0,0.0,0
s29,34,3.4600711281229573,1.92,8.04,29,0,0.0,0
s29,35,3.364303084031325,3.9699999999999998,1.9500000000000002,29,0,0.0,0
s29,36,3.409487093925095,5.01,5.0,29,0,0.0,0
s29,37,3.424214012051547,1.88,1.79,29,0,0.0,0
s29,39,3.5407927030316206,2.99,1.9100000000000001,29,0,0.0,0
s30,0,3.2919791010964743,3.96,3.96,29,0,0.0,0
s30,1,3.1454744402940187,1.8499999999999996,2.88,29,0,0.0,0
s30,2,3.0764785852247796,2.8499999999999996,3.08,29,0,0.0,0
s30,3,3.2563012915222767,1.96,2.04,29,0,0.0,0
s30,4,3.2972094255876097,2.8099999999999996,2.0599999999999996,29,0,0.0,0
s30,5,3.5339238313279644,2.7800000000000002,3.05,29,0,0.0,0
s30,6,3.522818075115342,4.05,4.06,29,0,0.0,0
s30,7,3.49689584247028,2.95,2.99,29,0,0.0,0
s30,8,3.187076323425024,1.92,2.8600000000000003,29,0,0.0,0
s30,9,3.3229322251653093,5.08,4.99,29,0,0.0,0
s30,10,3.2159975409963724,2.9400000000000004,1.8600000000000003,29,0,0.0,0
s30,11,3.1507789234499066,5.15,3.0,29,0,0.0,0
s30,12,3.5517654835182935,4.04,4.97,29,0,0.0,0
s30,13,3.3851168264268514,5.04,5.0,29,0,0.0,0
s30,14,4.021595262862228,5.01,4.01,29,0,0.0,0
s30,15,3.6751074138952697,3.96,3.96,29,0,0.0,0
s30,16,3.567551314206687,1.87,2.9400000000000004,29,0,0.0,0
s30,17,3.8824158544629244,1.9500000000000002,3.9400000000000004,29,0,0.0,0
s30,19,3.276854894255802,1.7400000000000002,1.9400000000000004,29,0,0.0,0
s30,20,3.3137627249185932,3.05,2.9,29,0,0.0,0
s30,21,3.424642623050191,4.05,4.03,29,0,0.0,0
s30,22,3.3695884260173714,3.0,2.99,29,0,0.0,0
s30,23,3.562095461429997,5.99,4.95,29,0,0.0,0
s30,24,3.602063764498159,3.92,4.0,29,0,0.0,0
s30,25,3.7063340462181698,5.01,1.0,29,0,0.0,0
s30,27,4.290677288823988,5.06,4.97,29,0,0.0,0
s30,28,3.205032214897295,1.7699999999999996,3.9000000000000004,29,0,0.0,0
s30,29,3.30592589324068,4.04,6.14,29,0,0.0,0
s30,30,3.4887307056416974,3.86,3.95,29,0,0.0,0
s30,31,3.4935081655239024,5.01,3.94,29,0,0.0,0
s30,32,3.180585637222804,3.91,3.05,29,0,0.0,0
s30,33,3.334384960984764,4.99,6.01,29,0,0.0,0
s30,34,3.238519583281398,5.04,4.94,29,0,0.0,0
s30,35,3.175088005869144,4.03,2.96,29,0,0.0,0
s30,36,3.0746882767046015,4.13,3.95,29,0,0.0,0
s30,37,3.2594282148085,3.96,3.96,29,0,0.0,0
s30,38,3.0912139534770415,2.97,4.12,29,0,0.0,0
s30,39,3.289067634315538,5.05,3.99,29,0,0.0,0
s31,0,3.487702592530639,2.21,3.0300000000000002,29,0,0.0,0
s31,1,3.5667503827522715,3.9699999999999998,1.9400000000000004,29,0,0.0,0
s31,3,3.5103813898941563,6.97,2.96,29,0,0.0,0
s31,4,3.4193184778635937,2.7800000000000002,3.9699999999999998,29,0,0.0,0
s31,5,3.5541679159470774,4.99,4.97,29,0,0.0,0
s31,6,3.523553505124046,2.95,3.9400000000000004,29,0,0.0,0
s31,7,3.366677431458616,6.03,4.04,29,0,0.0,0
s31,8,3.425487642570601,6.06,3.88,29,0,0.0,0
s31,9,3.641409927147218,4.01,6.08,29,0,0.0,0
s31,10,3.6431529927404047,9.0,2.82,29,0,0.0,0
s31,11,3.439853991860198,7.14,2.1,29,0,0.0,0
s31,12,3.568680790896658,8.09,4.04,29,0,0.0,0
s31,13,3.4258047406990966,8.06,3.95,29,0,0.0,0
s31,14,3.4690128560676814,6.05,1.0,29,0,0.0,0
s31,15,3.5492843227668622,6.09,4.0,29,0,0.0,0
s31,16,3.6100742138501323,4.94,2.1,29,0,0.0,0
s31,17,3.383948325313462,7.06,2.62,29,0,0.0,0
s31,18,3.5663400961403506,1.0499999999999998,2.9400000000000004,29,0,0.0,0
s31,19,3.374424677570474,6.9,3.12,29,0,0.0,0
s31,21,3.5322886576790977,5.04,3.96,29,0,0.0,0
s31,22,3.6085972384396614,1.0,7.08,29,0,0.0,0
s31,23,3.467182370331667,5.0,2.06,29,0,0.0,0
s31,24,3.5810898293763413,6.14,3.1,29,0,0.0,0
s31,25,3.571596142031202,7.08,1.96,29,0,0.0,0
s31,26,3.6465671713223466,5.0,1.95,29,0,0.0,0
s31,27,3.5421608954177883,5.01,1.96,29,0,0.0,0
s31,28,3.4831742569731383,5.09,1.0,29,0,0.0,0
s31,29,3.408689950387674,3.13,8.01,29,0,0.0,0
s31,30,3.4398712453605866,5.0,5.0,29,0,0.0,0
s31,31,3.441331751994952,1.0,7.97,29,0,0.0,0
s31,32,3.4197976812433764,4.18,9.0,29,0,0.0,0
s31,33,3.6326883244054735,1.95,8.03,29,0,0.0,0
s31,34,3.3941208416427737,4.03,7.14,29,0,0.0,0
s31,35,3.4716188282274705,4.97,6.95,29,0,0.0,0
s31,36,3.55567230840265,1.0,9.0,29,0,0.0,0
s31,37,3.6493521519945564,1.0,9.0,29,0,0.0,0
s31,38,3.4694216161728137,1.0,9.0,29,0,0.0,0
s31,39,3.4007627931218627,3.99,8.06,29,0,0.0,0
s32,0,3.3836665975110884,8.13,4.83,29,0,0.0,0
s32,1,2.9452558363790153,4.99,2.99,29,0,0.0,0
s32,3,2.929784273088327,2.04,3.8600000000000003,29,0,0.0,0
s32,4,2.9547101309552755,1.8499999999999996,3.0599999999999996,29,0,0.0,0
s32,5,3.1997886248183764,5.78,3.99,29,0,0.0,0
s32,6,3.1930700666716247,4.94,4.09,29,0,0.0,0
s32,7,2.8561943032099397,1.04,2.9400000000000004,29,0,0.0,0
s32,8,2.8012195667185322,7.86,4.17,29,0,0.0,0
s32,9,3.0508051599236787,4.08,5.95,29,0,0.0,0
s32,11,2.9167024660007845,7.31,3.88,29,0,0.0,0
s32,12,2.881245858432059,7.09,3.87,29,0,0.0,0
s32,13,2.82697627779437,1.9000000000000004,2.9699999999999998,29,0,0.0,0
s32,14,2.931740615234717,5.01,1.77,29,0,0.0,0
s32,15,2.724431234180275,3.97,6.0,29,0,0.0,0
s32,16,3.008365555402177,2.91,3.9699999999999998,29,0,0.0,0
s32,19,2.7952744809456314,6.03,4.12,29,0,0.0,0
s32,20,2.976886617338232,4.12,5.99,29,0,0.0,0
s32,21,2.891320806929813,4.15,6.06,29,0,0.0,0
s32,22,3.40992829560221,3.01,6.15,29,0,0.0,0
s32,23,2.9798907792054248,1.0,7.31,29,0,0.0,0
s32,24,2.976293504393166,4.01,7.17,29,0,0.0,0
s32,25,2.7906819549254482,5.14,3.09,29,0,0.0,0
s32,26,2.837987588716166,3.0,1.7599999999999998,29,0,0.0,0
s32,27,2.732942712843044,6.03,5.0,29,0,0.0,0
s32,28,2.8198784789221154,4.09,6.08,29,0,0.0,0
s32,29,3.0037232497809248,1.0,7.27,29,0,0.0,0
s32,30,2.847818149620551,4.17,5.96,29,0,0.0,0
s32,31,2.8830352046022996,3.87,7.15,29,0,0.0,0
s32,32,2.926188386489149,4.06,1.0,29,0,0.0,0
s32,33,2.7535358779003505,4.05,6.27,29,0,0.0,0
s32,34,2.939010001221937,3.88,7.26,29,0,0.0,0
s32,35,2.935308461377608,3.91,6.96,29,0,0.0,0
s32,36,2.9288252549027156,2.81,6.13,29,0,0.0,0
s32,37,2.9165535631002886,3.05,7.01,29,0,0.0,0
s32,38,2.991482768679943,3.99,7.17,29,0,0.0,0
s32,39,2.899719650801208,7.15,4.03,29,0,0.0,0
